Candidate_ID,Candidate_Name,Mail_ID,Mobile_Number,Source,Education,Background,Role,Experience,Current_status,Career_gap,Stream,Course,Mode,Induction_Session,Feedback,Training_Session,Total_Amount,Paid_amount,Payment_Method,Payment_Date,Churn,Days_Since_Payment,Payment_Ratio,Zero_Payment,Negative_Feedback,High_Risk_Indicator,Total_Calls,Unique_Executives,Total_Call_Duration,Avg_Call_Duration,Max_Call_Duration,Min_Call_Duration,Call_Count,Call_Frequency,has_interest,has_no_response,has_payment_discussion,has_technical_discussion,Executive_Experience,Executive_Team,Executive_Location,All_Call_Remarks,All_Call_Transcript,Suggested_Churn_Reason,AI_Recommendation,Reason_Extraction_Method
C0001,Aarav,aarav@example.com,9123456789,LinkedIn,BTech2019,Tech,Professional,4,Working,0,Project,FullStack,Online,Attended,Positive,Joined,60000,20000,UPI,2026-12-03,0,-184.0,0.3333333333333333,0,0,0,3,1,12.73,4.243333333333333,5.53,3.2,3,0.26865671641791045,1,0,0,0,5.0,Team A,Delhi,Intro call candidate interested Follow up payment query answered Post confirmation document request,,"Financial issues: Candidate is flagged for high churn risk due to fee, outstanding payment, or EMI installment concerns mentioned in call log details.","Offer flexible payment plans, scholarships, or budget-friendly EMI options and follow up on affordability concerns.",Fallback heuristic (API key missing)
C0001,Aarav,aarav@example.com,9123456789,LinkedIn,BTech2019,Tech,Professional,4,Working,0,Project,FullStack,Online,Attended,Positive,Joined,60000,20000,UPI,2026-12-03,0,-184.0,0.3333333333333333,0,0,0,3,1,12.73,4.243333333333333,5.53,3.2,3,0.26865671641791045,0,0,1,0,5.0,Team A,Delhi,Intro call candidate interested Follow up payment query answered Post confirmation document request,,"Financial issues: Candidate is flagged for high churn risk due to fee, outstanding payment, or EMI installment concerns mentioned in call log details.","Offer flexible payment plans, scholarships, or budget-friendly EMI options and follow up on affordability concerns.",Fallback heuristic (API key missing)
C0001,Aarav,aarav@example.com,9123456789,LinkedIn,BTech2019,Tech,Professional,4,Working,0,Project,FullStack,Online,Attended,Positive,Joined,60000,20000,UPI,2026-12-03,0,-184.0,0.3333333333333333,0,0,0,3,1,12.73,4.243333333333333,5.53,3.2,3,0.26865671641791045,0,0,0,0,5.0,Team A,Delhi,Intro call candidate interested Follow up payment query answered Post confirmation document request,,"Financial issues: Candidate is flagged for high churn risk due to fee, outstanding payment, or EMI installment concerns mentioned in call log details.","Offer flexible payment plans, scholarships, or budget-friendly EMI options and follow up on affordability concerns.",Fallback heuristic (API key missing)
C0002,Diya,diya@example.com,9876543210,College,BSc2021,NonTech,Student,0,Studying,0,Training,DataScience,Online,NotAttended,Neutral,NotJoined,80000,0,Card,2026-02-03,1,119.0,0.0,1,0,0,2,1,2.92,1.46,2.17,0.75,2,0.17910447761194032,0,1,0,0,7.0,Team A,Mumbai,No response left voicemail Second attempt no pickup,,"Communication gaps: Candidate has a high rate of unreachability, busy signals, or unanswered outbound contact attempts.","Increase outreach frequency, confirm contact details, and assign a dedicated counselor for follow-up.",Fallback heuristic (API key missing)
C0002,Diya,diya@example.com,9876543210,College,BSc2021,NonTech,Student,0,Studying,0,Training,DataScience,Online,NotAttended,Neutral,NotJoined,80000,0,Card,2026-02-03,1,119.0,0.0,1,0,0,2,1,2.92,1.46,2.17,0.75,2,0.17910447761194032,0,1,0,0,7.0,Team A,Mumbai,No response left voicemail Second attempt no pickup,,"Communication gaps: Candidate has a high rate of unreachability, busy signals, or unanswered outbound contact attempts.","Increase outreach frequency, confirm contact details, and assign a dedicated counselor for follow-up.",Fallback heuristic (API key missing)
C0003,Rahul,rahul@example.com,9988776655,Referral,MCA2018,Tech,Professional,5,Working,0,Project,Cloud,Offline,Attended,Positive,Joined,90000,45000,UPI,,0,0.0,0.5,0,0,0,3,1,23.25,7.75,12.17,3.08,3,0.26865671641791045,0,0,0,1,4.0,Team B,Bangalore,Initial technical discussion Detailed technical discussion scheduled next session Follow up on assignment submission,,Other: Candidate exhibits general warning indicators or ambiguous communication feedback requiring dedicated outreach.,Investigate the candidate details further and provide a customized recovery plan based on the latest call context.,Fallback heuristic (API key missing)
C0003,Rahul,rahul@example.com,9988776655,Referral,MCA2018,Tech,Professional,5,Working,0,Project,Cloud,Offline,Attended,Positive,Joined,90000,45000,UPI,,0,0.0,0.5,0,0,0,3,1,23.25,7.75,12.17,3.08,3,0.26865671641791045,0,0,0,1,4.0,Team B,Bangalore,Initial technical discussion Detailed technical discussion scheduled next session Follow up on assignment submission,,Other: Candidate exhibits general warning indicators or ambiguous communication feedback requiring dedicated outreach.,Investigate the candidate details further and provide a customized recovery plan based on the latest call context.,Fallback heuristic (API key missing)
C0003,Rahul,rahul@example.com,9988776655,Referral,MCA2018,Tech,Professional,5,Working,0,Project,Cloud,Offline,Attended,Positive,Joined,90000,45000,UPI,,0,0.0,0.5,0,0,0,3,1,23.25,7.75,12.17,3.08,3,0.26865671641791045,0,0,0,0,4.0,Team B,Bangalore,Initial technical discussion Detailed technical discussion scheduled next session Follow up on assignment submission,,Other: Candidate exhibits general warning indicators or ambiguous communication feedback requiring dedicated outreach.,Investigate the candidate details further and provide a customized recovery plan based on the latest call context.,Fallback heuristic (API key missing)
C0004,Neha,neha@example.com,9012345678,Website,BCom2017,NonTech,Professional,3,Working,1,Training,DigitalMkt,Hybrid,Attended,Positive,Joined,30000,30000,Card,2026-05-04,0,29.0,1.0,0,0,0,3,1,13.83,4.61,7.0,2.5,3,0.26865671641791045,0,0,0,0,6.0,Team B,Hyderabad,Intro and hybrid mode explained Confirmed attendance for hybrid session Asked about fee payment options,,"Financial issues: Candidate is flagged for high churn risk due to fee, outstanding payment, or EMI installment concerns mentioned in call log details.","Offer flexible payment plans, scholarships, or budget-friendly EMI options and follow up on affordability concerns.",Fallback heuristic (API key missing)
C0004,Neha,neha@example.com,9012345678,Website,BCom2017,NonTech,Professional,3,Working,1,Training,DigitalMkt,Hybrid,Attended,Positive,Joined,30000,30000,Card,2026-05-04,0,29.0,1.0,0,0,0,3,1,13.83,4.61,7.0,2.5,3,0.26865671641791045,1,0,0,0,6.0,Team B,Hyderabad,Intro and hybrid mode explained Confirmed attendance for hybrid session Asked about fee payment options,,"Financial issues: Candidate is flagged for high churn risk due to fee, outstanding payment, or EMI installment concerns mentioned in call log details.","Offer flexible payment plans, scholarships, or budget-friendly EMI options and follow up on affordability concerns.",Fallback heuristic (API key missing)
C0004,Neha,neha@example.com,9012345678,Website,BCom2017,NonTech,Professional,3,Working,1,Training,DigitalMkt,Hybrid,Attended,Positive,Joined,30000,30000,Card,2026-05-04,0,29.0,1.0,0,0,0,3,1,13.83,4.61,7.0,2.5,3,0.26865671641791045,0,0,1,0,6.0,Team B,Hyderabad,Intro and hybrid mode explained Confirmed attendance for hybrid session Asked about fee payment options,,"Financial issues: Candidate is flagged for high churn risk due to fee, outstanding payment, or EMI installment concerns mentioned in call log details.","Offer flexible payment plans, scholarships, or budget-friendly EMI options and follow up on affordability concerns.",Fallback heuristic (API key missing)
C0005,Manish,manish@example.com,9123987654,LinkedIn,BTech2016,Tech,Professional,6,Working,0,Project,AIML,Offline,Attended,Positive,Joined,120000,60000,UPI,,0,0.0,0.5,0,0,0,3,1,10.83,3.61,5.0,2.0,3,0.26865671641791045,0,0,0,0,3.0,Team C,Chennai,Initial call about AIML course Asked about scholarship options Payment reminder and next steps,,"Financial issues: Candidate is flagged for high churn risk due to fee, outstanding payment, or EMI installment concerns mentioned in call log details.","Offer flexible payment plans, scholarships, or budget-friendly EMI options and follow up on affordability concerns.",Fallback heuristic (API key missing)
C0005,Manish,manish@example.com,9123987654,LinkedIn,BTech2016,Tech,Professional,6,Working,0,Project,AIML,Offline,Attended,Positive,Joined,120000,60000,UPI,,0,0.0,0.5,0,0,0,3,1,10.83,3.61,5.0,2.0,3,0.26865671641791045,0,0,1,0,3.0,Team C,Chennai,Initial call about AIML course Asked about scholarship options Payment reminder and next steps,,"Financial issues: Candidate is flagged for high churn risk due to fee, outstanding payment, or EMI installment concerns mentioned in call log details.","Offer flexible payment plans, scholarships, or budget-friendly EMI options and follow up on affordability concerns.",Fallback heuristic (API key missing)
C0005,Manish,manish@example.com,9123987654,LinkedIn,BTech2016,Tech,Professional,6,Working,0,Project,AIML,Offline,Attended,Positive,Joined,120000,60000,UPI,,0,0.0,0.5,0,0,0,3,1,10.83,3.61,5.0,2.0,3,0.26865671641791045,0,0,1,0,3.0,Team C,Chennai,Initial call about AIML course Asked about scholarship options Payment reminder and next steps,,"Financial issues: Candidate is flagged for high churn risk due to fee, outstanding payment, or EMI installment concerns mentioned in call log details.","Offer flexible payment plans, scholarships, or budget-friendly EMI options and follow up on affordability concerns.",Fallback heuristic (API key missing)
C0006,Sneha,sneha@example.com,9876501234,Campus,BAS2020,NonTech,Student,0,Studying,0,Training,UIUX,Online,Attended,Positive,Joined,40000,10000,UPI,,0,0.0,0.25,0,0,0,3,1,11.92,3.973333333333333,6.42,1.5,3,0.26865671641791045,1,0,0,0,8.0,Team C,Delhi,Intro call student keen on UI UX Student enthusiastic about UI UX course Sent batch details and mentor info,,Other: Candidate exhibits general warning indicators or ambiguous communication feedback requiring dedicated outreach.,Investigate the candidate details further and provide a customized recovery plan based on the latest call context.,Fallback heuristic (API key missing)
C0006,Sneha,sneha@example.com,9876501234,Campus,BAS2020,NonTech,Student,0,Studying,0,Training,UIUX,Online,Attended,Positive,Joined,40000,10000,UPI,,0,0.0,0.25,0,0,0,3,1,11.92,3.973333333333333,6.42,1.5,3,0.26865671641791045,1,0,0,0,8.0,Team C,Delhi,Intro call student keen on UI UX Student enthusiastic about UI UX course Sent batch details and mentor info,,Other: Candidate exhibits general warning indicators or ambiguous communication feedback requiring dedicated outreach.,Investigate the candidate details further and provide a customized recovery plan based on the latest call context.,Fallback heuristic (API key missing)
C0006,Sneha,sneha@example.com,9876501234,Campus,BAS2020,NonTech,Student,0,Studying,0,Training,UIUX,Online,Attended,Positive,Joined,40000,10000,UPI,,0,0.0,0.25,0,0,0,3,1,11.92,3.973333333333333,6.42,1.5,3,0.26865671641791045,0,0,0,1,8.0,Team C,Delhi,Intro call student keen on UI UX Student enthusiastic about UI UX course Sent batch details and mentor info,,Other: Candidate exhibits general warning indicators or ambiguous communication feedback requiring dedicated outreach.,Investigate the candidate details further and provide a customized recovery plan based on the latest call context.,Fallback heuristic (API key missing)
C0007,Aditya,aditya@example.com,9981234567,ColdCall,BTech2015,Tech,Professional,7,Working,0,Project,DevOps,Offline,NotAttended,Negative,NotJoined,70000,0,Cash,2026-02-03,1,119.0,0.0,1,1,1,3,1,1.5,0.5,0.67,0.33,3,0.26865671641791045,1,0,0,0,2.0,Team D,Pune,Intro call not interested Not interested at this time Final attempt no change,,"Lack of interest: Candidate exhibits disinterest, program mismatch, or lack of direct engagement with onboarding tasks.","Re-engage with personalized course benefits, clarify learning outcomes, and offer a second consultation call.",Fallback heuristic (API key missing)
C0007,Aditya,aditya@example.com,9981234567,ColdCall,BTech2015,Tech,Professional,7,Working,0,Project,DevOps,Offline,NotAttended,Negative,NotJoined,70000,0,Cash,2026-02-03,1,119.0,0.0,1,1,1,3,1,1.5,0.5,0.67,0.33,3,0.26865671641791045,1,0,0,0,2.0,Team D,Pune,Intro call not interested Not interested at this time Final attempt no change,,"Lack of interest: Candidate exhibits disinterest, program mismatch, or lack of direct engagement with onboarding tasks.","Re-engage with personalized course benefits, clarify learning outcomes, and offer a second consultation call.",Fallback heuristic (API key missing)
C0007,Aditya,aditya@example.com,9981234567,ColdCall,BTech2015,Tech,Professional,7,Working,0,Project,DevOps,Offline,NotAttended,Negative,NotJoined,70000,0,Cash,2026-02-03,1,119.0,0.0,1,1,1,3,1,1.5,0.5,0.67,0.33,3,0.26865671641791045,0,0,0,0,2.0,Team D,Pune,Intro call not interested Not interested at this time Final attempt no change,,"Lack of interest: Candidate exhibits disinterest, program mismatch, or lack of direct engagement with onboarding tasks.","Re-engage with personalized course benefits, clarify learning outcomes, and offer a second consultation call.",Fallback heuristic (API key missing)
C0008,Meera,meera@example.com,9665544332,LinkedIn,MTech2017,Tech,Professional,4,Working,0,Training,DataScience,Hybrid,Attended,Positive,Joined,85000,85000,Card,,0,0.0,1.0,0,0,0,3,1,16.84,5.613333333333333,8.67,2.17,3,0.26865671641791045,0,0,1,0,9.0,Team D,Bangalore,Payment process initiated Payment complete confirmed Sent onboarding checklist,,"Financial issues: Candidate is flagged for high churn risk due to fee, outstanding payment, or EMI installment concerns mentioned in call log details.","Offer flexible payment plans, scholarships, or budget-friendly EMI options and follow up on affordability concerns.",Fallback heuristic (API key missing)
C0008,Meera,meera@example.com,9665544332,LinkedIn,MTech2017,Tech,Professional,4,Working,0,Training,DataScience,Hybrid,Attended,Positive,Joined,85000,85000,Card,,0,0.0,1.0,0,0,0,3,1,16.84,5.613333333333333,8.67,2.17,3,0.26865671641791045,1,0,1,0,9.0,Team D,Bangalore,Payment process initiated Payment complete confirmed Sent onboarding checklist,,"Financial issues: Candidate is flagged for high churn risk due to fee, outstanding payment, or EMI installment concerns mentioned in call log details.","Offer flexible payment plans, scholarships, or budget-friendly EMI options and follow up on affordability concerns.",Fallback heuristic (API key missing)
C0008,Meera,meera@example.com,9665544332,LinkedIn,MTech2017,Tech,Professional,4,Working,0,Training,DataScience,Hybrid,Attended,Positive,Joined,85000,85000,Card,,0,0.0,1.0,0,0,0,3,1,16.84,5.613333333333333,8.67,2.17,3,0.26865671641791045,0,0,0,0,9.0,Team D,Bangalore,Payment process initiated Payment complete confirmed Sent onboarding checklist,,"Financial issues: Candidate is flagged for high churn risk due to fee, outstanding payment, or EMI installment concerns mentioned in call log details.","Offer flexible payment plans, scholarships, or budget-friendly EMI options and follow up on affordability concerns.",Fallback heuristic (API key missing)
C0009,Vikram,vikram@example.com,9011122233,College,BE2019,Tech,Student,1,Studying,0,Project,FullStack,Online,Attended,Positive,Joined,60000,30000,UPI,2026-10-03,0,-123.0,0.5,0,0,0,3,1,9.41,3.1366666666666667,4.25,1.33,3,0.26865671641791045,0,0,0,1,5.0,Team A,Delhi,Intro and project outline Requested course schedule Sent schedule by email,,Other: Candidate exhibits general warning indicators or ambiguous communication feedback requiring dedicated outreach.,Investigate the candidate details further and provide a customized recovery plan based on the latest call context.,Fallback heuristic (API key missing)
C0009,Vikram,vikram@example.com,9011122233,College,BE2019,Tech,Student,1,Studying,0,Project,FullStack,Online,Attended,Positive,Joined,60000,30000,UPI,2026-10-03,0,-123.0,0.5,0,0,0,3,1,9.41,3.1366666666666667,4.25,1.33,3,0.26865671641791045,0,0,0,0,5.0,Team A,Delhi,Intro and project outline Requested course schedule Sent schedule by email,,Other: Candidate exhibits general warning indicators or ambiguous communication feedback requiring dedicated outreach.,Investigate the candidate details further and provide a customized recovery plan based on the latest call context.,Fallback heuristic (API key missing)
C0009,Vikram,vikram@example.com,9011122233,College,BE2019,Tech,Student,1,Studying,0,Project,FullStack,Online,Attended,Positive,Joined,60000,30000,UPI,2026-10-03,0,-123.0,0.5,0,0,0,3,1,9.41,3.1366666666666667,4.25,1.33,3,0.26865671641791045,0,0,0,0,5.0,Team A,Delhi,Intro and project outline Requested course schedule Sent schedule by email,,Other: Candidate exhibits general warning indicators or ambiguous communication feedback requiring dedicated outreach.,Investigate the candidate details further and provide a customized recovery plan based on the latest call context.,Fallback heuristic (API key missing)
C0010,Priya,priya@example.com,9899988877,Website,BBA2018,NonTech,Professional,2,Working,0,Training,ProdMgmt,Online,NotAttended,Neutral,NotJoined,50000,0,UPI,2026-02-03,1,119.0,0.0,1,0,0,2,1,1.33,0.665,0.83,0.5,2,0.17910447761194032,0,1,0,0,10.0,Operations,Mumbai,Intro left voicemail Candidate asked to call after 2pm,,"Communication gaps: Candidate has a high rate of unreachability, busy signals, or unanswered outbound contact attempts.","Increase outreach frequency, confirm contact details, and assign a dedicated counselor for follow-up.",Fallback heuristic (API key missing)
C0010,Priya,priya@example.com,9899988877,Website,BBA2018,NonTech,Professional,2,Working,0,Training,ProdMgmt,Online,NotAttended,Neutral,NotJoined,50000,0,UPI,2026-02-03,1,119.0,0.0,1,0,0,2,1,1.33,0.665,0.83,0.5,2,0.17910447761194032,0,0,0,0,10.0,Operations,Mumbai,Intro left voicemail Candidate asked to call after 2pm,,"Communication gaps: Candidate has a high rate of unreachability, busy signals, or unanswered outbound contact attempts.","Increase outreach frequency, confirm contact details, and assign a dedicated counselor for follow-up.",Fallback heuristic (API key missing)
C0011,Saurabh,saurabh@example.com,9770012345,Referral,MTech2016,Tech,Professional,6,Working,0,Project,Cyber,Offline,Attended,Positive,Joined,95000,47500,Card,2026-10-02,0,-122.0,0.5,0,0,0,3,1,18.08,6.026666666666666,9.08,3.0,3,0.26865671641791045,0,0,0,0,5.0,Team A,Delhi,Intro to cybersecurity module Clarified syllabus and projects Discussed cybersecurity module and placement,,Other: Candidate exhibits general warning indicators or ambiguous communication feedback requiring dedicated outreach.,Investigate the candidate details further and provide a customized recovery plan based on the latest call context.,Fallback heuristic (API key missing)
C0011,Saurabh,saurabh@example.com,9770012345,Referral,MTech2016,Tech,Professional,6,Working,0,Project,Cyber,Offline,Attended,Positive,Joined,95000,47500,Card,2026-10-02,0,-122.0,0.5,0,0,0,3,1,18.08,6.026666666666666,9.08,3.0,3,0.26865671641791045,0,0,0,1,5.0,Team A,Delhi,Intro to cybersecurity module Clarified syllabus and projects Discussed cybersecurity module and placement,,Other: Candidate exhibits general warning indicators or ambiguous communication feedback requiring dedicated outreach.,Investigate the candidate details further and provide a customized recovery plan based on the latest call context.,Fallback heuristic (API key missing)
C0011,Saurabh,saurabh@example.com,9770012345,Referral,MTech2016,Tech,Professional,6,Working,0,Project,Cyber,Offline,Attended,Positive,Joined,95000,47500,Card,2026-10-02,0,-122.0,0.5,0,0,0,3,1,18.08,6.026666666666666,9.08,3.0,3,0.26865671641791045,0,0,0,0,5.0,Team A,Delhi,Intro to cybersecurity module Clarified syllabus and projects Discussed cybersecurity module and placement,,Other: Candidate exhibits general warning indicators or ambiguous communication feedback requiring dedicated outreach.,Investigate the candidate details further and provide a customized recovery plan based on the latest call context.,Fallback heuristic (API key missing)
C0012,Kavya,kavya@example.com,9445566778,LinkedIn,BTech2020,Tech,Student,0,Studying,0,Training,UIUX,Online,Attended,Positive,Joined,40000,20000,UPI,2026-01-04,0,149.0,0.5,0,0,0,2,1,8.16,4.08,5.33,2.83,2,0.17910447761194032,0,0,0,0,7.0,Team A,Mumbai,Initial contact for UI UX Confirmed joining for online batch,,Other: Candidate exhibits general warning indicators or ambiguous communication feedback requiring dedicated outreach.,Investigate the candidate details further and provide a customized recovery plan based on the latest call context.,Fallback heuristic (API key missing)
C0012,Kavya,kavya@example.com,9445566778,LinkedIn,BTech2020,Tech,Student,0,Studying,0,Training,UIUX,Online,Attended,Positive,Joined,40000,20000,UPI,2026-01-04,0,149.0,0.5,0,0,0,2,1,8.16,4.08,5.33,2.83,2,0.17910447761194032,1,0,0,0,7.0,Team A,Mumbai,Initial contact for UI UX Confirmed joining for online batch,,Other: Candidate exhibits general warning indicators or ambiguous communication feedback requiring dedicated outreach.,Investigate the candidate details further and provide a customized recovery plan based on the latest call context.,Fallback heuristic (API key missing)
C0013,Rajesh,rajesh@example.com,9800012345,College,BCom2015,NonTech,Professional,5,Working,2,Training,DigitalMkt,Hybrid,NotAttended,Negative,NotJoined,30000,0,Cash,2026-02-03,1,119.0,0.0,1,1,1,2,1,1.0,0.5,0.67,0.33,2,0.17910447761194032,0,1,0,0,4.0,Team B,Bangalore,Intro call no pickup Not reachable call dropped,,"Communication gaps: Candidate has a high rate of unreachability, busy signals, or unanswered outbound contact attempts.","Increase outreach frequency, confirm contact details, and assign a dedicated counselor for follow-up.",Fallback heuristic (API key missing)
C0013,Rajesh,rajesh@example.com,9800012345,College,BCom2015,NonTech,Professional,5,Working,2,Training,DigitalMkt,Hybrid,NotAttended,Negative,NotJoined,30000,0,Cash,2026-02-03,1,119.0,0.0,1,1,1,2,1,1.0,0.5,0.67,0.33,2,0.17910447761194032,0,0,0,0,4.0,Team B,Bangalore,Intro call no pickup Not reachable call dropped,,"Communication gaps: Candidate has a high rate of unreachability, busy signals, or unanswered outbound contact attempts.","Increase outreach frequency, confirm contact details, and assign a dedicated counselor for follow-up.",Fallback heuristic (API key missing)
C0014,Anjali,anjali@example.com,9123001234,Website,MBA2019,NonTech,Professional,3,Working,0,Project,ProdMgmt,Offline,Attended,Positive,Joined,70000,35000,Card,,0,0.0,0.5,0,0,0,3,1,13.0,4.333333333333333,6.0,2.0,3,0.26865671641791045,0,0,1,0,6.0,Team B,Hyderabad,Intro and EMI info provided Requested EMI option details Follow up about EMI documents,,"Financial issues: Candidate is flagged for high churn risk due to fee, outstanding payment, or EMI installment concerns mentioned in call log details.","Offer flexible payment plans, scholarships, or budget-friendly EMI options and follow up on affordability concerns.",Fallback heuristic (API key missing)
C0014,Anjali,anjali@example.com,9123001234,Website,MBA2019,NonTech,Professional,3,Working,0,Project,ProdMgmt,Offline,Attended,Positive,Joined,70000,35000,Card,,0,0.0,0.5,0,0,0,3,1,13.0,4.333333333333333,6.0,2.0,3,0.26865671641791045,0,0,1,0,6.0,Team B,Hyderabad,Intro and EMI info provided Requested EMI option details Follow up about EMI documents,,"Financial issues: Candidate is flagged for high churn risk due to fee, outstanding payment, or EMI installment concerns mentioned in call log details.","Offer flexible payment plans, scholarships, or budget-friendly EMI options and follow up on affordability concerns.",Fallback heuristic (API key missing)
C0014,Anjali,anjali@example.com,9123001234,Website,MBA2019,NonTech,Professional,3,Working,0,Project,ProdMgmt,Offline,Attended,Positive,Joined,70000,35000,Card,,0,0.0,0.5,0,0,0,3,1,13.0,4.333333333333333,6.0,2.0,3,0.26865671641791045,0,0,1,0,6.0,Team B,Hyderabad,Intro and EMI info provided Requested EMI option details Follow up about EMI documents,,"Financial issues: Candidate is flagged for high churn risk due to fee, outstanding payment, or EMI installment concerns mentioned in call log details.","Offer flexible payment plans, scholarships, or budget-friendly EMI options and follow up on affordability concerns.",Fallback heuristic (API key missing)
C0015,Harsh,harsh@example.com,9987604321,LinkedIn,BTech2014,Tech,Professional,8,Working,0,Project,Cloud,Offline,Attended,Positive,Joined,90000,90000,UPI,2026-05-01,0,32.0,1.0,0,0,0,2,1,7.75,3.875,4.92,2.83,2,0.17910447761194032,0,0,0,0,3.0,Team C,Chennai,Intro cloud engineering course Happy with cloud engineering outline,,Other: Candidate exhibits general warning indicators or ambiguous communication feedback requiring dedicated outreach.,Investigate the candidate details further and provide a customized recovery plan based on the latest call context.,Fallback heuristic (API key missing)
C0015,Harsh,harsh@example.com,9987604321,LinkedIn,BTech2014,Tech,Professional,8,Working,0,Project,Cloud,Offline,Attended,Positive,Joined,90000,90000,UPI,2026-05-01,0,32.0,1.0,0,0,0,2,1,7.75,3.875,4.92,2.83,2,0.17910447761194032,0,0,0,0,3.0,Team C,Chennai,Intro cloud engineering course Happy with cloud engineering outline,,Other: Candidate exhibits general warning indicators or ambiguous communication feedback requiring dedicated outreach.,Investigate the candidate details further and provide a customized recovery plan based on the latest call context.,Fallback heuristic (API key missing)
C0016,Simran,simran@example.com,9876712345,Referral,BSc2018,NonTech,Student,1,Studying,0,Training,DataScience,Online,Attended,Positive,Joined,80000,40000,UPI,,0,0.0,0.5,0,0,0,3,1,7.92,2.64,3.25,1.67,3,0.26865671641791045,0,0,0,0,8.0,Team C,Delhi,Intro to data science track Asked about project mentors Provided mentor details,,Other: Candidate exhibits general warning indicators or ambiguous communication feedback requiring dedicated outreach.,Investigate the candidate details further and provide a customized recovery plan based on the latest call context.,Fallback heuristic (API key missing)
C0016,Simran,simran@example.com,9876712345,Referral,BSc2018,NonTech,Student,1,Studying,0,Training,DataScience,Online,Attended,Positive,Joined,80000,40000,UPI,,0,0.0,0.5,0,0,0,3,1,7.92,2.64,3.25,1.67,3,0.26865671641791045,0,0,0,1,8.0,Team C,Delhi,Intro to data science track Asked about project mentors Provided mentor details,,Other: Candidate exhibits general warning indicators or ambiguous communication feedback requiring dedicated outreach.,Investigate the candidate details further and provide a customized recovery plan based on the latest call context.,Fallback heuristic (API key missing)
C0016,Simran,simran@example.com,9876712345,Referral,BSc2018,NonTech,Student,1,Studying,0,Training,DataScience,Online,Attended,Positive,Joined,80000,40000,UPI,,0,0.0,0.5,0,0,0,3,1,7.92,2.64,3.25,1.67,3,0.26865671641791045,0,0,0,1,8.0,Team C,Delhi,Intro to data science track Asked about project mentors Provided mentor details,,Other: Candidate exhibits general warning indicators or ambiguous communication feedback requiring dedicated outreach.,Investigate the candidate details further and provide a customized recovery plan based on the latest call context.,Fallback heuristic (API key missing)
C0017,Nikhil,nikhil@example.com,9440011223,ColdCall,MCA2017,Tech,Professional,4,Working,0,Project,DevOps,Hybrid,NotAttended,Negative,NotJoined,70000,0,Cash,2026-02-03,1,119.0,0.0,1,1,1,2,1,0.75,0.375,0.42,0.33,2,0.17910447761194032,0,0,0,0,2.0,Team D,Pune,Intro call number switched off No response number switched off,,"Communication gaps: Candidate has a high rate of unreachability, busy signals, or unanswered outbound contact attempts.","Increase outreach frequency, confirm contact details, and assign a dedicated counselor for follow-up.",Fallback heuristic (API key missing)
C0017,Nikhil,nikhil@example.com,9440011223,ColdCall,MCA2017,Tech,Professional,4,Working,0,Project,DevOps,Hybrid,NotAttended,Negative,NotJoined,70000,0,Cash,2026-02-03,1,119.0,0.0,1,1,1,2,1,0.75,0.375,0.42,0.33,2,0.17910447761194032,0,1,0,0,2.0,Team D,Pune,Intro call number switched off No response number switched off,,"Communication gaps: Candidate has a high rate of unreachability, busy signals, or unanswered outbound contact attempts.","Increase outreach frequency, confirm contact details, and assign a dedicated counselor for follow-up.",Fallback heuristic (API key missing)
C0018,Pooja,pooja@example.com,9012233445,College,BTech2022,Tech,Student,0,Studying,0,Training,FullStack,Online,Attended,Positive,Joined,60000,15000,UPI,2026-12-04,0,-185.0,0.25,0,0,0,3,1,15.58,5.193333333333333,7.5,2.08,3,0.26865671641791045,0,0,0,0,9.0,Team D,Bangalore,Intro and batch dates shared Student confirmed training dates Sent joining instructions,,Other: Candidate exhibits general warning indicators or ambiguous communication feedback requiring dedicated outreach.,Investigate the candidate details further and provide a customized recovery plan based on the latest call context.,Fallback heuristic (API key missing)
C0018,Pooja,pooja@example.com,9012233445,College,BTech2022,Tech,Student,0,Studying,0,Training,FullStack,Online,Attended,Positive,Joined,60000,15000,UPI,2026-12-04,0,-185.0,0.25,0,0,0,3,1,15.58,5.193333333333333,7.5,2.08,3,0.26865671641791045,1,0,0,0,9.0,Team D,Bangalore,Intro and batch dates shared Student confirmed training dates Sent joining instructions,,Other: Candidate exhibits general warning indicators or ambiguous communication feedback requiring dedicated outreach.,Investigate the candidate details further and provide a customized recovery plan based on the latest call context.,Fallback heuristic (API key missing)
C0018,Pooja,pooja@example.com,9012233445,College,BTech2022,Tech,Student,0,Studying,0,Training,FullStack,Online,Attended,Positive,Joined,60000,15000,UPI,2026-12-04,0,-185.0,0.25,0,0,0,3,1,15.58,5.193333333333333,7.5,2.08,3,0.26865671641791045,0,0,0,0,9.0,Team D,Bangalore,Intro and batch dates shared Student confirmed training dates Sent joining instructions,,Other: Candidate exhibits general warning indicators or ambiguous communication feedback requiring dedicated outreach.,Investigate the candidate details further and provide a customized recovery plan based on the latest call context.,Fallback heuristic (API key missing)
C0019,Ritesh,ritesh@example.com,9899001122,LinkedIn,BE2013,Tech,Professional,9,Working,0,Project,AIML,Offline,Attended,Positive,Joined,120000,60000,Card,2026-02-02,0,120.0,0.5,0,0,0,3,1,11.25,3.75,5.75,2.33,3,0.26865671641791045,0,0,0,0,5.0,Team A,Delhi,Intro on AI ML capstone Discussed AI ML capstone project Follow up on capstone resources,,Other: Candidate exhibits general warning indicators or ambiguous communication feedback requiring dedicated outreach.,Investigate the candidate details further and provide a customized recovery plan based on the latest call context.,Fallback heuristic (API key missing)
C0019,Ritesh,ritesh@example.com,9899001122,LinkedIn,BE2013,Tech,Professional,9,Working,0,Project,AIML,Offline,Attended,Positive,Joined,120000,60000,Card,2026-02-02,0,120.0,0.5,0,0,0,3,1,11.25,3.75,5.75,2.33,3,0.26865671641791045,0,0,0,1,5.0,Team A,Delhi,Intro on AI ML capstone Discussed AI ML capstone project Follow up on capstone resources,,Other: Candidate exhibits general warning indicators or ambiguous communication feedback requiring dedicated outreach.,Investigate the candidate details further and provide a customized recovery plan based on the latest call context.,Fallback heuristic (API key missing)
C0019,Ritesh,ritesh@example.com,9899001122,LinkedIn,BE2013,Tech,Professional,9,Working,0,Project,AIML,Offline,Attended,Positive,Joined,120000,60000,Card,2026-02-02,0,120.0,0.5,0,0,0,3,1,11.25,3.75,5.75,2.33,3,0.26865671641791045,0,0,0,0,5.0,Team A,Delhi,Intro on AI ML capstone Discussed AI ML capstone project Follow up on capstone resources,,Other: Candidate exhibits general warning indicators or ambiguous communication feedback requiring dedicated outreach.,Investigate the candidate details further and provide a customized recovery plan based on the latest call context.,Fallback heuristic (API key missing)
C0020,Anita,anita@example.com,9660012345,Website,MSc2019,NonTech,Professional,4,Working,0,Training,DataScience,Online,NotAttended,Neutral,NotJoined,80000,0,UPI,2026-02-03,1,119.0,0.0,1,0,0,2,1,1.59,0.795,0.92,0.67,2,0.17910447761194032,0,0,0,0,10.0,Operations,Mumbai,Intro left brochure via email Requested brochure via email,,Other: Candidate exhibits general warning indicators or ambiguous communication feedback requiring dedicated outreach.,Investigate the candidate details further and provide a customized recovery plan based on the latest call context.,Fallback heuristic (API key missing)
C0020,Anita,anita@example.com,9660012345,Website,MSc2019,NonTech,Professional,4,Working,0,Training,DataScience,Online,NotAttended,Neutral,NotJoined,80000,0,UPI,2026-02-03,1,119.0,0.0,1,0,0,2,1,1.59,0.795,0.92,0.67,2,0.17910447761194032,0,0,0,0,10.0,Operations,Mumbai,Intro left brochure via email Requested brochure via email,,Other: Candidate exhibits general warning indicators or ambiguous communication feedback requiring dedicated outreach.,Investigate the candidate details further and provide a customized recovery plan based on the latest call context.,Fallback heuristic (API key missing)
C0021,Deepak,deepak@example.com,9123445566,Referral,BTech2018,Tech,Professional,5,Working,0,Project,Cloud,Offline,Attended,Positive,Joined,90000,45000,UPI,2026-02-03,0,119.0,0.5,0,0,0,2,1,10.0,5.0,6.17,3.83,2,0.17910447761194032,0,0,0,0,5.0,Team A,Delhi,Intro cloud lab access info Clarified cloud lab access,,Other: Candidate exhibits general warning indicators or ambiguous communication feedback requiring dedicated outreach.,Investigate the candidate details further and provide a customized recovery plan based on the latest call context.,Fallback heuristic (API key missing)
C0021,Deepak,deepak@example.com,9123445566,Referral,BTech2018,Tech,Professional,5,Working,0,Project,Cloud,Offline,Attended,Positive,Joined,90000,45000,UPI,2026-02-03,0,119.0,0.5,0,0,0,2,1,10.0,5.0,6.17,3.83,2,0.17910447761194032,0,0,0,0,5.0,Team A,Delhi,Intro cloud lab access info Clarified cloud lab access,,Other: Candidate exhibits general warning indicators or ambiguous communication feedback requiring dedicated outreach.,Investigate the candidate details further and provide a customized recovery plan based on the latest call context.,Fallback heuristic (API key missing)
C0022,Riya,riya@example.com,9876509876,College,BDes2020,NonTech,Student,0,Studying,0,Training,UIUX,Online,Attended,Positive,Joined,40000,40000,Card,,0,0.0,1.0,0,0,0,2,1,8.67,4.335,5.0,3.67,2,0.17910447761194032,0,0,0,1,7.0,Team A,Mumbai,Intro UI UX project details Confirmed UI UX project details,,Other: Candidate exhibits general warning indicators or ambiguous communication feedback requiring dedicated outreach.,Investigate the candidate details further and provide a customized recovery plan based on the latest call context.,Fallback heuristic (API key missing)
C0022,Riya,riya@example.com,9876509876,College,BDes2020,NonTech,Student,0,Studying,0,Training,UIUX,Online,Attended,Positive,Joined,40000,40000,Card,,0,0.0,1.0,0,0,0,2,1,8.67,4.335,5.0,3.67,2,0.17910447761194032,1,0,0,1,7.0,Team A,Mumbai,Intro UI UX project details Confirmed UI UX project details,,Other: Candidate exhibits general warning indicators or ambiguous communication feedback requiring dedicated outreach.,Investigate the candidate details further and provide a customized recovery plan based on the latest call context.,Fallback heuristic (API key missing)
C0023,Manav,manav@example.com,9988770011,LinkedIn,BTech2017,Tech,Professional,5,Working,1,Project,DevOps,Hybrid,Attended,Positive,Joined,70000,35000,UPI,,0,0.0,0.5,0,0,0,3,1,7.75,2.5833333333333335,4.08,1.17,3,0.26865671641791045,0,0,0,0,4.0,Team B,Bangalore,Intro and time preferences Candidate requested time change Confirmed new time slot,,Other: Candidate exhibits general warning indicators or ambiguous communication feedback requiring dedicated outreach.,Investigate the candidate details further and provide a customized recovery plan based on the latest call context.,Fallback heuristic (API key missing)
C0023,Manav,manav@example.com,9988770011,LinkedIn,BTech2017,Tech,Professional,5,Working,1,Project,DevOps,Hybrid,Attended,Positive,Joined,70000,35000,UPI,,0,0.0,0.5,0,0,0,3,1,7.75,2.5833333333333335,4.08,1.17,3,0.26865671641791045,0,0,0,0,4.0,Team B,Bangalore,Intro and time preferences Candidate requested time change Confirmed new time slot,,Other: Candidate exhibits general warning indicators or ambiguous communication feedback requiring dedicated outreach.,Investigate the candidate details further and provide a customized recovery plan based on the latest call context.,Fallback heuristic (API key missing)
C0023,Manav,manav@example.com,9988770011,LinkedIn,BTech2017,Tech,Professional,5,Working,1,Project,DevOps,Hybrid,Attended,Positive,Joined,70000,35000,UPI,,0,0.0,0.5,0,0,0,3,1,7.75,2.5833333333333335,4.08,1.17,3,0.26865671641791045,1,0,0,0,4.0,Team B,Bangalore,Intro and time preferences Candidate requested time change Confirmed new time slot,,Other: Candidate exhibits general warning indicators or ambiguous communication feedback requiring dedicated outreach.,Investigate the candidate details further and provide a customized recovery plan based on the latest call context.,Fallback heuristic (API key missing)
C0024,Sonia,sonia@example.com,9442233445,Website,BSc2016,NonTech,Professional,4,Working,0,Training,DigitalMkt,Online,NotAttended,Negative,NotJoined,30000,0,Cash,2026-02-03,1,119.0,0.0,1,1,1,2,1,1.08,0.54,0.58,0.5,2,0.17910447761194032,0,0,0,0,6.0,Team B,Hyderabad,Intro call conflict with schedule Not interested due to schedule,,"Lack of interest: Candidate exhibits disinterest, program mismatch, or lack of direct engagement with onboarding tasks.","Re-engage with personalized course benefits, clarify learning outcomes, and offer a second consultation call.",Fallback heuristic (API key missing)
C0024,Sonia,sonia@example.com,9442233445,Website,BSc2016,NonTech,Professional,4,Working,0,Training,DigitalMkt,Online,NotAttended,Negative,NotJoined,30000,0,Cash,2026-02-03,1,119.0,0.0,1,1,1,2,1,1.08,0.54,0.58,0.5,2,0.17910447761194032,1,0,0,0,6.0,Team B,Hyderabad,Intro call conflict with schedule Not interested due to schedule,,"Lack of interest: Candidate exhibits disinterest, program mismatch, or lack of direct engagement with onboarding tasks.","Re-engage with personalized course benefits, clarify learning outcomes, and offer a second consultation call.",Fallback heuristic (API key missing)
C0025,Vishal,vishal@example.com,9013344556,LinkedIn,MTech2015,Tech,Professional,7,Working,0,Project,Cyber,Offline,Attended,Positive,Joined,95000,47500,Card,,0,0.0,0.5,0,0,0,3,1,15.91,5.303333333333334,8.33,2.25,3,0.26865671641791045,0,0,0,0,3.0,Team C,Chennai,Intro cybersecurity assessments Discussed cybersecurity assessments Enrollment process explained,,Other: Candidate exhibits general warning indicators or ambiguous communication feedback requiring dedicated outreach.,Investigate the candidate details further and provide a customized recovery plan based on the latest call context.,Fallback heuristic (API key missing)
C0025,Vishal,vishal@example.com,9013344556,LinkedIn,MTech2015,Tech,Professional,7,Working,0,Project,Cyber,Offline,Attended,Positive,Joined,95000,47500,Card,,0,0.0,0.5,0,0,0,3,1,15.91,5.303333333333334,8.33,2.25,3,0.26865671641791045,0,0,0,0,3.0,Team C,Chennai,Intro cybersecurity assessments Discussed cybersecurity assessments Enrollment process explained,,Other: Candidate exhibits general warning indicators or ambiguous communication feedback requiring dedicated outreach.,Investigate the candidate details further and provide a customized recovery plan based on the latest call context.,Fallback heuristic (API key missing)
C0025,Vishal,vishal@example.com,9013344556,LinkedIn,MTech2015,Tech,Professional,7,Working,0,Project,Cyber,Offline,Attended,Positive,Joined,95000,47500,Card,,0,0.0,0.5,0,0,0,3,1,15.91,5.303333333333334,8.33,2.25,3,0.26865671641791045,0,0,0,0,3.0,Team C,Chennai,Intro cybersecurity assessments Discussed cybersecurity assessments Enrollment process explained,,Other: Candidate exhibits general warning indicators or ambiguous communication feedback requiring dedicated outreach.,Investigate the candidate details further and provide a customized recovery plan based on the latest call context.,Fallback heuristic (API key missing)
C0026,Shreya,shreya@example.com,9899911222,College,BCom2019,NonTech,Student,0,Studying,0,Training,ProdMgmt,Online,Attended,Positive,Joined,50000,25000,UPI,,0,0.0,0.5,0,0,0,3,1,6.25,2.0833333333333335,3.0,1.08,3,0.26865671641791045,0,0,1,0,8.0,Team C,Delhi,Intro payment pending Payment pending follow up Provided payment link,,"Financial issues: Candidate is flagged for high churn risk due to fee, outstanding payment, or EMI installment concerns mentioned in call log details.","Offer flexible payment plans, scholarships, or budget-friendly EMI options and follow up on affordability concerns.",Fallback heuristic (API key missing)
C0026,Shreya,shreya@example.com,9899911222,College,BCom2019,NonTech,Student,0,Studying,0,Training,ProdMgmt,Online,Attended,Positive,Joined,50000,25000,UPI,,0,0.0,0.5,0,0,0,3,1,6.25,2.0833333333333335,3.0,1.08,3,0.26865671641791045,0,0,1,0,8.0,Team C,Delhi,Intro payment pending Payment pending follow up Provided payment link,,"Financial issues: Candidate is flagged for high churn risk due to fee, outstanding payment, or EMI installment concerns mentioned in call log details.","Offer flexible payment plans, scholarships, or budget-friendly EMI options and follow up on affordability concerns.",Fallback heuristic (API key missing)
C0026,Shreya,shreya@example.com,9899911222,College,BCom2019,NonTech,Student,0,Studying,0,Training,ProdMgmt,Online,Attended,Positive,Joined,50000,25000,UPI,,0,0.0,0.5,0,0,0,3,1,6.25,2.0833333333333335,3.0,1.08,3,0.26865671641791045,0,0,1,0,8.0,Team C,Delhi,Intro payment pending Payment pending follow up Provided payment link,,"Financial issues: Candidate is flagged for high churn risk due to fee, outstanding payment, or EMI installment concerns mentioned in call log details.","Offer flexible payment plans, scholarships, or budget-friendly EMI options and follow up on affordability concerns.",Fallback heuristic (API key missing)
C0027,Arjun,arjun@example.com,9778899001,Referral,BTech2014,Tech,Professional,8,Working,0,Project,AIML,Offline,Attended,Positive,Joined,120000,120000,Card,2026-10-01,0,-121.0,1.0,0,0,0,2,1,16.67,8.335,9.67,7.0,2,0.17910447761194032,1,0,1,0,2.0,Team D,Pune,Intro confirmed full fee paid Confirmed full fee paid and onboarding,,"Financial issues: Candidate is flagged for high churn risk due to fee, outstanding payment, or EMI installment concerns mentioned in call log details.","Offer flexible payment plans, scholarships, or budget-friendly EMI options and follow up on affordability concerns.",Fallback heuristic (API key missing)
C0027,Arjun,arjun@example.com,9778899001,Referral,BTech2014,Tech,Professional,8,Working,0,Project,AIML,Offline,Attended,Positive,Joined,120000,120000,Card,2026-10-01,0,-121.0,1.0,0,0,0,2,1,16.67,8.335,9.67,7.0,2,0.17910447761194032,1,0,1,0,2.0,Team D,Pune,Intro confirmed full fee paid Confirmed full fee paid and onboarding,,"Financial issues: Candidate is flagged for high churn risk due to fee, outstanding payment, or EMI installment concerns mentioned in call log details.","Offer flexible payment plans, scholarships, or budget-friendly EMI options and follow up on affordability concerns.",Fallback heuristic (API key missing)
C0028,Mehul,mehul@example.com,9122788990,ColdCall,BBA2016,NonTech,Professional,5,Working,0,Training,DigitalMkt,Hybrid,NotAttended,Neutral,NotJoined,30000,0,Cash,2026-02-03,1,119.0,0.0,1,0,0,2,1,0.75,0.375,0.42,0.33,2,0.17910447761194032,0,1,0,0,9.0,Team D,Bangalore,Intro left voicemail Left voicemail no response,,"Communication gaps: Candidate has a high rate of unreachability, busy signals, or unanswered outbound contact attempts.","Increase outreach frequency, confirm contact details, and assign a dedicated counselor for follow-up.",Fallback heuristic (API key missing)
C0028,Mehul,mehul@example.com,9122788990,ColdCall,BBA2016,NonTech,Professional,5,Working,0,Training,DigitalMkt,Hybrid,NotAttended,Neutral,NotJoined,30000,0,Cash,2026-02-03,1,119.0,0.0,1,0,0,2,1,0.75,0.375,0.42,0.33,2,0.17910447761194032,0,1,0,0,9.0,Team D,Bangalore,Intro left voicemail Left voicemail no response,,"Communication gaps: Candidate has a high rate of unreachability, busy signals, or unanswered outbound contact attempts.","Increase outreach frequency, confirm contact details, and assign a dedicated counselor for follow-up.",Fallback heuristic (API key missing)
C0029,Tanvi,tanvi@example.com,9801122334,Website,BTech2021,Tech,Student,0,Studying,0,Training,UIUX,Online,Attended,Positive,Joined,40000,10000,UPI,2026-08-04,0,-63.0,0.25,0,0,0,3,1,10.5,3.5,5.83,1.17,3,0.26865671641791045,0,0,0,1,5.0,Team A,Delhi,Intro asked about mentors Student asked about mentors Sent mentor profiles,,Other: Candidate exhibits general warning indicators or ambiguous communication feedback requiring dedicated outreach.,Investigate the candidate details further and provide a customized recovery plan based on the latest call context.,Fallback heuristic (API key missing)
C0029,Tanvi,tanvi@example.com,9801122334,Website,BTech2021,Tech,Student,0,Studying,0,Training,UIUX,Online,Attended,Positive,Joined,40000,10000,UPI,2026-08-04,0,-63.0,0.25,0,0,0,3,1,10.5,3.5,5.83,1.17,3,0.26865671641791045,0,0,0,1,5.0,Team A,Delhi,Intro asked about mentors Student asked about mentors Sent mentor profiles,,Other: Candidate exhibits general warning indicators or ambiguous communication feedback requiring dedicated outreach.,Investigate the candidate details further and provide a customized recovery plan based on the latest call context.,Fallback heuristic (API key missing)
C0029,Tanvi,tanvi@example.com,9801122334,Website,BTech2021,Tech,Student,0,Studying,0,Training,UIUX,Online,Attended,Positive,Joined,40000,10000,UPI,2026-08-04,0,-63.0,0.25,0,0,0,3,1,10.5,3.5,5.83,1.17,3,0.26865671641791045,0,0,0,1,5.0,Team A,Delhi,Intro asked about mentors Student asked about mentors Sent mentor profiles,,Other: Candidate exhibits general warning indicators or ambiguous communication feedback requiring dedicated outreach.,Investigate the candidate details further and provide a customized recovery plan based on the latest call context.,Fallback heuristic (API key missing)
C0030,Karan,karan@example.com,9988001122,LinkedIn,BTech2013,Tech,Professional,10,Working,0,Project,FullStack,Offline,Attended,Positive,Joined,60000,60000,Card,,0,0.0,1.0,0,0,0,2,1,9.58,4.79,7.25,2.33,2,0.17910447761194032,0,0,0,0,10.0,Operations,Mumbai,Intro offline batch Enrolled in offline batch,,Other: Candidate exhibits general warning indicators or ambiguous communication feedback requiring dedicated outreach.,Investigate the candidate details further and provide a customized recovery plan based on the latest call context.,Fallback heuristic (API key missing)
C0030,Karan,karan@example.com,9988001122,LinkedIn,BTech2013,Tech,Professional,10,Working,0,Project,FullStack,Offline,Attended,Positive,Joined,60000,60000,Card,,0,0.0,1.0,0,0,0,2,1,9.58,4.79,7.25,2.33,2,0.17910447761194032,1,0,0,0,10.0,Operations,Mumbai,Intro offline batch Enrolled in offline batch,,Other: Candidate exhibits general warning indicators or ambiguous communication feedback requiring dedicated outreach.,Investigate the candidate details further and provide a customized recovery plan based on the latest call context.,Fallback heuristic (API key missing)
C0031,Nidhi,nidhi@example.com,9446677885,College,MBA2020,NonTech,Student,0,Studying,0,Training,ProdMgmt,Online,Attended,Positive,Joined,50000,5000,UPI,2026-08-03,0,-62.0,0.1,0,0,0,2,1,5.0,2.5,2.75,2.25,2,0.17910447761194032,0,0,0,0,5.0,Team A,Delhi,Intro weekend batch options Requested weekend batch info,,Other: Candidate exhibits general warning indicators or ambiguous communication feedback requiring dedicated outreach.,Investigate the candidate details further and provide a customized recovery plan based on the latest call context.,Fallback heuristic (API key missing)
C0031,Nidhi,nidhi@example.com,9446677885,College,MBA2020,NonTech,Student,0,Studying,0,Training,ProdMgmt,Online,Attended,Positive,Joined,50000,5000,UPI,2026-08-03,0,-62.0,0.1,0,0,0,2,1,5.0,2.5,2.75,2.25,2,0.17910447761194032,0,0,0,0,5.0,Team A,Delhi,Intro weekend batch options Requested weekend batch info,,Other: Candidate exhibits general warning indicators or ambiguous communication feedback requiring dedicated outreach.,Investigate the candidate details further and provide a customized recovery plan based on the latest call context.,Fallback heuristic (API key missing)
C0032,Siddharth,siddharth@example.com,9126667778,LinkedIn,BTech2012,Tech,Professional,11,Working,0,Project,Cloud,Offline,Attended,Positive,Joined,90000,90000,Card,,0,0.0,1.0,0,0,0,2,1,11.5,5.75,6.5,5.0,2,0.17910447761194032,0,0,0,0,7.0,Team A,Mumbai,Intro cloud environment Confirmed cloud lab environment,,Other: Candidate exhibits general warning indicators or ambiguous communication feedback requiring dedicated outreach.,Investigate the candidate details further and provide a customized recovery plan based on the latest call context.,Fallback heuristic (API key missing)
C0032,Siddharth,siddharth@example.com,9126667778,LinkedIn,BTech2012,Tech,Professional,11,Working,0,Project,Cloud,Offline,Attended,Positive,Joined,90000,90000,Card,,0,0.0,1.0,0,0,0,2,1,11.5,5.75,6.5,5.0,2,0.17910447761194032,1,0,0,0,7.0,Team A,Mumbai,Intro cloud environment Confirmed cloud lab environment,,Other: Candidate exhibits general warning indicators or ambiguous communication feedback requiring dedicated outreach.,Investigate the candidate details further and provide a customized recovery plan based on the latest call context.,Fallback heuristic (API key missing)
C0033,Kriti,kriti@example.com,9877712345,Referral,BSc2018,NonTech,Student,1,Studying,0,Training,DataScience,Online,Attended,Positive,Joined,80000,20000,UPI,,0,0.0,0.25,0,0,0,2,1,7.33,3.665,4.0,3.33,2,0.17910447761194032,0,0,0,1,4.0,Team B,Bangalore,Intro data science syllabus Discussed data science syllabus,,Other: Candidate exhibits general warning indicators or ambiguous communication feedback requiring dedicated outreach.,Investigate the candidate details further and provide a customized recovery plan based on the latest call context.,Fallback heuristic (API key missing)
C0033,Kriti,kriti@example.com,9877712345,Referral,BSc2018,NonTech,Student,1,Studying,0,Training,DataScience,Online,Attended,Positive,Joined,80000,20000,UPI,,0,0.0,0.25,0,0,0,2,1,7.33,3.665,4.0,3.33,2,0.17910447761194032,0,0,0,1,4.0,Team B,Bangalore,Intro data science syllabus Discussed data science syllabus,,Other: Candidate exhibits general warning indicators or ambiguous communication feedback requiring dedicated outreach.,Investigate the candidate details further and provide a customized recovery plan based on the latest call context.,Fallback heuristic (API key missing)
C0034,Amit,amit@example.com,9985443322,Website,BTech2016,Tech,Professional,6,Working,2,Project,DevOps,Hybrid,NotAttended,Negative,NotJoined,70000,0,Cash,2026-02-03,1,119.0,0.0,1,1,1,2,1,1.08,0.54,0.83,0.25,2,0.17910447761194032,0,0,0,0,6.0,Team B,Hyderabad,Intro call no answer No response call not answered,,"Communication gaps: Candidate has a high rate of unreachability, busy signals, or unanswered outbound contact attempts.","Increase outreach frequency, confirm contact details, and assign a dedicated counselor for follow-up.",Fallback heuristic (API key missing)
C0034,Amit,amit@example.com,9985443322,Website,BTech2016,Tech,Professional,6,Working,2,Project,DevOps,Hybrid,NotAttended,Negative,NotJoined,70000,0,Cash,2026-02-03,1,119.0,0.0,1,1,1,2,1,1.08,0.54,0.83,0.25,2,0.17910447761194032,0,1,0,0,6.0,Team B,Hyderabad,Intro call no answer No response call not answered,,"Communication gaps: Candidate has a high rate of unreachability, busy signals, or unanswered outbound contact attempts.","Increase outreach frequency, confirm contact details, and assign a dedicated counselor for follow-up.",Fallback heuristic (API key missing)
C0035,Priyanka,priyanka@example.com,9019988776,College,BDes2019,NonTech,Student,0,Studying,0,Training,UIUX,Online,Attended,Positive,Joined,40000,40000,Card,,0,0.0,1.0,0,0,0,2,1,8.67,4.335,5.17,3.5,2,0.17910447761194032,0,0,0,0,3.0,Team C,Chennai,Intro UI UX assignments Confirmed UI UX assignments,,Other: Candidate exhibits general warning indicators or ambiguous communication feedback requiring dedicated outreach.,Investigate the candidate details further and provide a customized recovery plan based on the latest call context.,Fallback heuristic (API key missing)
C0035,Priyanka,priyanka@example.com,9019988776,College,BDes2019,NonTech,Student,0,Studying,0,Training,UIUX,Online,Attended,Positive,Joined,40000,40000,Card,,0,0.0,1.0,0,0,0,2,1,8.67,4.335,5.17,3.5,2,0.17910447761194032,1,0,0,0,3.0,Team C,Chennai,Intro UI UX assignments Confirmed UI UX assignments,,Other: Candidate exhibits general warning indicators or ambiguous communication feedback requiring dedicated outreach.,Investigate the candidate details further and provide a customized recovery plan based on the latest call context.,Fallback heuristic (API key missing)
C0036,Sameer,sameer@example.com,9891234500,LinkedIn,BE2015,Tech,Professional,7,Working,0,Project,Cyber,Offline,Attended,Positive,Joined,95000,30000,UPI,2026-05-02,0,31.0,0.3157894736842105,0,0,0,3,1,12.91,4.303333333333334,6.75,1.33,3,0.26865671641791045,0,0,0,0,8.0,Team C,Delhi,Intro cybersecurity placements Discussed cybersecurity placements Shared placement success stories,,Other: Candidate exhibits general warning indicators or ambiguous communication feedback requiring dedicated outreach.,Investigate the candidate details further and provide a customized recovery plan based on the latest call context.,Fallback heuristic (API key missing)
C0036,Sameer,sameer@example.com,9891234500,LinkedIn,BE2015,Tech,Professional,7,Working,0,Project,Cyber,Offline,Attended,Positive,Joined,95000,30000,UPI,2026-05-02,0,31.0,0.3157894736842105,0,0,0,3,1,12.91,4.303333333333334,6.75,1.33,3,0.26865671641791045,0,0,0,0,8.0,Team C,Delhi,Intro cybersecurity placements Discussed cybersecurity placements Shared placement success stories,,Other: Candidate exhibits general warning indicators or ambiguous communication feedback requiring dedicated outreach.,Investigate the candidate details further and provide a customized recovery plan based on the latest call context.,Fallback heuristic (API key missing)
C0036,Sameer,sameer@example.com,9891234500,LinkedIn,BE2015,Tech,Professional,7,Working,0,Project,Cyber,Offline,Attended,Positive,Joined,95000,30000,UPI,2026-05-02,0,31.0,0.3157894736842105,0,0,0,3,1,12.91,4.303333333333334,6.75,1.33,3,0.26865671641791045,0,0,0,0,8.0,Team C,Delhi,Intro cybersecurity placements Discussed cybersecurity placements Shared placement success stories,,Other: Candidate exhibits general warning indicators or ambiguous communication feedback requiring dedicated outreach.,Investigate the candidate details further and provide a customized recovery plan based on the latest call context.,Fallback heuristic (API key missing)
C0037,Anushka,anushka@example.com,9774455667,Referral,BCom2017,NonTech,Professional,4,Working,0,Training,DigitalMkt,Hybrid,Attended,Positive,Joined,30000,15000,UPI,2026-05-03,0,30.0,0.5,0,0,0,3,1,6.42,2.14,3.5,0.75,3,0.26865671641791045,0,0,1,0,2.0,Team D,Pune,Intro EMI options Interested but needs EMI plan Sent EMI plan details,,"Financial issues: Candidate is flagged for high churn risk due to fee, outstanding payment, or EMI installment concerns mentioned in call log details.","Offer flexible payment plans, scholarships, or budget-friendly EMI options and follow up on affordability concerns.",Fallback heuristic (API key missing)
C0037,Anushka,anushka@example.com,9774455667,Referral,BCom2017,NonTech,Professional,4,Working,0,Training,DigitalMkt,Hybrid,Attended,Positive,Joined,30000,15000,UPI,2026-05-03,0,30.0,0.5,0,0,0,3,1,6.42,2.14,3.5,0.75,3,0.26865671641791045,1,0,1,0,2.0,Team D,Pune,Intro EMI options Interested but needs EMI plan Sent EMI plan details,,"Financial issues: Candidate is flagged for high churn risk due to fee, outstanding payment, or EMI installment concerns mentioned in call log details.","Offer flexible payment plans, scholarships, or budget-friendly EMI options and follow up on affordability concerns.",Fallback heuristic (API key missing)
C0037,Anushka,anushka@example.com,9774455667,Referral,BCom2017,NonTech,Professional,4,Working,0,Training,DigitalMkt,Hybrid,Attended,Positive,Joined,30000,15000,UPI,2026-05-03,0,30.0,0.5,0,0,0,3,1,6.42,2.14,3.5,0.75,3,0.26865671641791045,0,0,1,0,2.0,Team D,Pune,Intro EMI options Interested but needs EMI plan Sent EMI plan details,,"Financial issues: Candidate is flagged for high churn risk due to fee, outstanding payment, or EMI installment concerns mentioned in call log details.","Offer flexible payment plans, scholarships, or budget-friendly EMI options and follow up on affordability concerns.",Fallback heuristic (API key missing)
C0038,Rahul2,rahul2@example.com,9124998877,LinkedIn,BTech2011,Tech,Professional,12,Working,0,Project,AIML,Offline,Attended,Positive,Joined,120000,80000,Card,2026-12-01,0,-182.0,0.6666666666666666,0,0,0,3,1,23.240000000000002,7.746666666666667,11.33,2.08,3,0.26865671641791045,0,0,0,0,9.0,Team D,Bangalore,Intro AI career path Long discussion on AI career path Sent AI resources list,,Other: Candidate exhibits general warning indicators or ambiguous communication feedback requiring dedicated outreach.,Investigate the candidate details further and provide a customized recovery plan based on the latest call context.,Fallback heuristic (API key missing)
C0038,Rahul2,rahul2@example.com,9124998877,LinkedIn,BTech2011,Tech,Professional,12,Working,0,Project,AIML,Offline,Attended,Positive,Joined,120000,80000,Card,2026-12-01,0,-182.0,0.6666666666666666,0,0,0,3,1,23.240000000000002,7.746666666666667,11.33,2.08,3,0.26865671641791045,0,0,0,0,9.0,Team D,Bangalore,Intro AI career path Long discussion on AI career path Sent AI resources list,,Other: Candidate exhibits general warning indicators or ambiguous communication feedback requiring dedicated outreach.,Investigate the candidate details further and provide a customized recovery plan based on the latest call context.,Fallback heuristic (API key missing)
C0038,Rahul2,rahul2@example.com,9124998877,LinkedIn,BTech2011,Tech,Professional,12,Working,0,Project,AIML,Offline,Attended,Positive,Joined,120000,80000,Card,2026-12-01,0,-182.0,0.6666666666666666,0,0,0,3,1,23.240000000000002,7.746666666666667,11.33,2.08,3,0.26865671641791045,0,0,0,0,9.0,Team D,Bangalore,Intro AI career path Long discussion on AI career path Sent AI resources list,,Other: Candidate exhibits general warning indicators or ambiguous communication feedback requiring dedicated outreach.,Investigate the candidate details further and provide a customized recovery plan based on the latest call context.,Fallback heuristic (API key missing)
C0039,Divya,divya@example.com,9887766554,College,MSc2018,NonTech,Student,1,Studying,0,Training,DataScience,Online,Attended,Positive,Joined,80000,40000,UPI,,0,0.0,0.5,0,0,0,2,1,7.67,3.835,4.67,3.0,2,0.17910447761194032,0,0,0,0,5.0,Team A,Delhi,Intro data science batch Confirmed data science batch,,Other: Candidate exhibits general warning indicators or ambiguous communication feedback requiring dedicated outreach.,Investigate the candidate details further and provide a customized recovery plan based on the latest call context.,Fallback heuristic (API key missing)
C0039,Divya,divya@example.com,9887766554,College,MSc2018,NonTech,Student,1,Studying,0,Training,DataScience,Online,Attended,Positive,Joined,80000,40000,UPI,,0,0.0,0.5,0,0,0,2,1,7.67,3.835,4.67,3.0,2,0.17910447761194032,1,0,0,0,5.0,Team A,Delhi,Intro data science batch Confirmed data science batch,,Other: Candidate exhibits general warning indicators or ambiguous communication feedback requiring dedicated outreach.,Investigate the candidate details further and provide a customized recovery plan based on the latest call context.,Fallback heuristic (API key missing)
C0040,Ankit,ankit@example.com,9970011223,Website,BTech2010,Tech,Professional,13,Working,0,Project,Cloud,Offline,Attended,Positive,Joined,90000,45000,Card,2026-08-02,0,-61.0,0.5,0,0,0,3,1,11.42,3.8066666666666666,5.92,1.5,3,0.26865671641791045,0,0,0,0,10.0,Operations,Mumbai,Intro internship support Asked about internship support Provided internship contacts,,Other: Candidate exhibits general warning indicators or ambiguous communication feedback requiring dedicated outreach.,Investigate the candidate details further and provide a customized recovery plan based on the latest call context.,Fallback heuristic (API key missing)
C0040,Ankit,ankit@example.com,9970011223,Website,BTech2010,Tech,Professional,13,Working,0,Project,Cloud,Offline,Attended,Positive,Joined,90000,45000,Card,2026-08-02,0,-61.0,0.5,0,0,0,3,1,11.42,3.8066666666666666,5.92,1.5,3,0.26865671641791045,0,0,0,0,10.0,Operations,Mumbai,Intro internship support Asked about internship support Provided internship contacts,,Other: Candidate exhibits general warning indicators or ambiguous communication feedback requiring dedicated outreach.,Investigate the candidate details further and provide a customized recovery plan based on the latest call context.,Fallback heuristic (API key missing)
C0040,Ankit,ankit@example.com,9970011223,Website,BTech2010,Tech,Professional,13,Working,0,Project,Cloud,Offline,Attended,Positive,Joined,90000,45000,Card,2026-08-02,0,-61.0,0.5,0,0,0,3,1,11.42,3.8066666666666666,5.92,1.5,3,0.26865671641791045,0,0,0,0,10.0,Operations,Mumbai,Intro internship support Asked about internship support Provided internship contacts,,Other: Candidate exhibits general warning indicators or ambiguous communication feedback requiring dedicated outreach.,Investigate the candidate details further and provide a customized recovery plan based on the latest call context.,Fallback heuristic (API key missing)
C0041,Sana,sana@example.com,9448822110,LinkedIn,BBA2019,NonTech,Student,0,Studying,0,Training,ProdMgmt,Online,Attended,Positive,Joined,50000,25000,UPI,,0,0.0,0.5,0,0,0,2,1,5.67,2.835,3.17,2.5,2,0.17910447761194032,0,0,0,0,5.0,Team A,Delhi,Intro requested recording info Requested recording of induction,,Other: Candidate exhibits general warning indicators or ambiguous communication feedback requiring dedicated outreach.,Investigate the candidate details further and provide a customized recovery plan based on the latest call context.,Fallback heuristic (API key missing)
C0041,Sana,sana@example.com,9448822110,LinkedIn,BBA2019,NonTech,Student,0,Studying,0,Training,ProdMgmt,Online,Attended,Positive,Joined,50000,25000,UPI,,0,0.0,0.5,0,0,0,2,1,5.67,2.835,3.17,2.5,2,0.17910447761194032,0,0,0,0,5.0,Team A,Delhi,Intro requested recording info Requested recording of induction,,Other: Candidate exhibits general warning indicators or ambiguous communication feedback requiring dedicated outreach.,Investigate the candidate details further and provide a customized recovery plan based on the latest call context.,Fallback heuristic (API key missing)
C0042,Arnav,arnav@example.com,9812340099,Referral,BTech2016,Tech,Professional,6,Working,0,Project,DevOps,Hybrid,Attended,Positive,Joined,70000,35000,UPI,,0,0.0,0.5,0,0,0,2,1,10.33,5.165,6.0,4.33,2,0.17910447761194032,0,0,0,0,7.0,Team A,Mumbai,Intro DevOps tools covered Clarified DevOps tools covered,,Other: Candidate exhibits general warning indicators or ambiguous communication feedback requiring dedicated outreach.,Investigate the candidate details further and provide a customized recovery plan based on the latest call context.,Fallback heuristic (API key missing)
C0042,Arnav,arnav@example.com,9812340099,Referral,BTech2016,Tech,Professional,6,Working,0,Project,DevOps,Hybrid,Attended,Positive,Joined,70000,35000,UPI,,0,0.0,0.5,0,0,0,2,1,10.33,5.165,6.0,4.33,2,0.17910447761194032,0,0,0,0,7.0,Team A,Mumbai,Intro DevOps tools covered Clarified DevOps tools covered,,Other: Candidate exhibits general warning indicators or ambiguous communication feedback requiring dedicated outreach.,Investigate the candidate details further and provide a customized recovery plan based on the latest call context.,Fallback heuristic (API key missing)
C0043,Shalini,shalini@example.com,9660011122,College,MA2015,NonTech,Professional,5,Working,0,Training,DigitalMkt,Online,NotAttended,Neutral,NotJoined,30000,0,Cash,2026-02-03,1,119.0,0.0,1,0,0,2,1,0.5800000000000001,0.29000000000000004,0.33,0.25,2,0.17910447761194032,0,1,0,0,4.0,Team B,Bangalore,Intro unreachable Candidate unreachable final,,"Communication gaps: Candidate has a high rate of unreachability, busy signals, or unanswered outbound contact attempts.","Increase outreach frequency, confirm contact details, and assign a dedicated counselor for follow-up.",Fallback heuristic (API key missing)
C0043,Shalini,shalini@example.com,9660011122,College,MA2015,NonTech,Professional,5,Working,0,Training,DigitalMkt,Online,NotAttended,Neutral,NotJoined,30000,0,Cash,2026-02-03,1,119.0,0.0,1,0,0,2,1,0.5800000000000001,0.29000000000000004,0.33,0.25,2,0.17910447761194032,0,1,0,0,4.0,Team B,Bangalore,Intro unreachable Candidate unreachable final,,"Communication gaps: Candidate has a high rate of unreachability, busy signals, or unanswered outbound contact attempts.","Increase outreach frequency, confirm contact details, and assign a dedicated counselor for follow-up.",Fallback heuristic (API key missing)
C0044,Mayank,mayank@example.com,9122334455,Website,BTech2014,Tech,Professional,9,Working,1,Project,FullStack,Offline,Attended,Positive,Joined,60000,30000,Card,,0,0.0,0.5,0,0,0,3,1,14.58,4.86,7.08,1.17,3,0.26865671641791045,0,0,0,1,6.0,Team B,Hyderabad,Intro project timeline Confirmed full stack project timeline Sent project resources,,Other: Candidate exhibits general warning indicators or ambiguous communication feedback requiring dedicated outreach.,Investigate the candidate details further and provide a customized recovery plan based on the latest call context.,Fallback heuristic (API key missing)
C0044,Mayank,mayank@example.com,9122334455,Website,BTech2014,Tech,Professional,9,Working,1,Project,FullStack,Offline,Attended,Positive,Joined,60000,30000,Card,,0,0.0,0.5,0,0,0,3,1,14.58,4.86,7.08,1.17,3,0.26865671641791045,1,0,0,1,6.0,Team B,Hyderabad,Intro project timeline Confirmed full stack project timeline Sent project resources,,Other: Candidate exhibits general warning indicators or ambiguous communication feedback requiring dedicated outreach.,Investigate the candidate details further and provide a customized recovery plan based on the latest call context.,Fallback heuristic (API key missing)
C0044,Mayank,mayank@example.com,9122334455,Website,BTech2014,Tech,Professional,9,Working,1,Project,FullStack,Offline,Attended,Positive,Joined,60000,30000,Card,,0,0.0,0.5,0,0,0,3,1,14.58,4.86,7.08,1.17,3,0.26865671641791045,0,0,0,1,6.0,Team B,Hyderabad,Intro project timeline Confirmed full stack project timeline Sent project resources,,Other: Candidate exhibits general warning indicators or ambiguous communication feedback requiring dedicated outreach.,Investigate the candidate details further and provide a customized recovery plan based on the latest call context.,Fallback heuristic (API key missing)
C0045,Geeta,geeta@example.com,9890099888,LinkedIn,BSc2017,NonTech,Student,0,Studying,0,Training,UIUX,Online,Attended,Positive,Joined,40000,20000,UPI,,0,0.0,0.5,0,0,0,2,1,7.33,3.665,4.83,2.5,2,0.17910447761194032,0,0,0,0,3.0,Team C,Chennai,Intro portfolio review Discussed UI UX portfolio review,,Other: Candidate exhibits general warning indicators or ambiguous communication feedback requiring dedicated outreach.,Investigate the candidate details further and provide a customized recovery plan based on the latest call context.,Fallback heuristic (API key missing)
C0045,Geeta,geeta@example.com,9890099888,LinkedIn,BSc2017,NonTech,Student,0,Studying,0,Training,UIUX,Online,Attended,Positive,Joined,40000,20000,UPI,,0,0.0,0.5,0,0,0,2,1,7.33,3.665,4.83,2.5,2,0.17910447761194032,0,0,0,0,3.0,Team C,Chennai,Intro portfolio review Discussed UI UX portfolio review,,Other: Candidate exhibits general warning indicators or ambiguous communication feedback requiring dedicated outreach.,Investigate the candidate details further and provide a customized recovery plan based on the latest call context.,Fallback heuristic (API key missing)
C0046,Tarun,tarun@example.com,9771122334,Referral,BTech2013,Tech,Professional,11,Working,0,Project,Cloud,Offline,Attended,Positive,Joined,90000,90000,Card,,0,0.0,1.0,0,0,0,2,1,17.17,8.585,9.17,8.0,2,0.17910447761194032,0,0,1,0,8.0,Team C,Delhi,Intro payment scholarship Payment and scholarship discussed,,"Financial issues: Candidate is flagged for high churn risk due to fee, outstanding payment, or EMI installment concerns mentioned in call log details.","Offer flexible payment plans, scholarships, or budget-friendly EMI options and follow up on affordability concerns.",Fallback heuristic (API key missing)
C0046,Tarun,tarun@example.com,9771122334,Referral,BTech2013,Tech,Professional,11,Working,0,Project,Cloud,Offline,Attended,Positive,Joined,90000,90000,Card,,0,0.0,1.0,0,0,0,2,1,17.17,8.585,9.17,8.0,2,0.17910447761194032,0,0,1,0,8.0,Team C,Delhi,Intro payment scholarship Payment and scholarship discussed,,"Financial issues: Candidate is flagged for high churn risk due to fee, outstanding payment, or EMI installment concerns mentioned in call log details.","Offer flexible payment plans, scholarships, or budget-friendly EMI options and follow up on affordability concerns.",Fallback heuristic (API key missing)
C0047,Rachna,rachna@example.com,9443344556,College,MBA2018,NonTech,Professional,3,Working,0,Training,ProdMgmt,Hybrid,Attended,Positive,Joined,50000,25000,UPI,2026-02-03,0,119.0,0.5,0,0,0,2,1,4.84,2.42,2.42,2.42,2,0.17910447761194032,0,0,0,0,2.0,Team D,Pune,Intro follow up scheduled Requested follow up next week,,Other: Candidate exhibits general warning indicators or ambiguous communication feedback requiring dedicated outreach.,Investigate the candidate details further and provide a customized recovery plan based on the latest call context.,Fallback heuristic (API key missing)
C0047,Rachna,rachna@example.com,9443344556,College,MBA2018,NonTech,Professional,3,Working,0,Training,ProdMgmt,Hybrid,Attended,Positive,Joined,50000,25000,UPI,2026-02-03,0,119.0,0.5,0,0,0,2,1,4.84,2.42,2.42,2.42,2,0.17910447761194032,0,0,0,0,2.0,Team D,Pune,Intro follow up scheduled Requested follow up next week,,Other: Candidate exhibits general warning indicators or ambiguous communication feedback requiring dedicated outreach.,Investigate the candidate details further and provide a customized recovery plan based on the latest call context.,Fallback heuristic (API key missing)
C0048,Manish2,manish2@example.com,9819988776,Website,BTech2012,Tech,Professional,12,Working,0,Project,AIML,Offline,Attended,Positive,Joined,120000,60000,Card,2026-06-02,0,0.0,0.5,0,0,0,2,1,9.83,4.915,5.0,4.83,2,0.17910447761194032,0,0,0,0,9.0,Team D,Bangalore,Intro AI ML lab schedule Confirmed AI ML lab schedule,,Other: Candidate exhibits general warning indicators or ambiguous communication feedback requiring dedicated outreach.,Investigate the candidate details further and provide a customized recovery plan based on the latest call context.,Fallback heuristic (API key missing)
C0048,Manish2,manish2@example.com,9819988776,Website,BTech2012,Tech,Professional,12,Working,0,Project,AIML,Offline,Attended,Positive,Joined,120000,60000,Card,2026-06-02,0,0.0,0.5,0,0,0,2,1,9.83,4.915,5.0,4.83,2,0.17910447761194032,1,0,0,0,9.0,Team D,Bangalore,Intro AI ML lab schedule Confirmed AI ML lab schedule,,Other: Candidate exhibits general warning indicators or ambiguous communication feedback requiring dedicated outreach.,Investigate the candidate details further and provide a customized recovery plan based on the latest call context.,Fallback heuristic (API key missing)
C0049,Snehal,snehal@example.com,9892233445,LinkedIn,BCom2019,NonTech,Student,0,Studying,0,Training,DigitalMkt,Online,NotAttended,Negative,NotJoined,30000,0,Cash,2026-02-03,1,119.0,0.0,1,1,1,2,1,1.17,0.585,0.67,0.5,2,0.17910447761194032,0,0,0,0,5.0,Team A,Delhi,Intro left SMS No response left SMS,,"Communication gaps: Candidate has a high rate of unreachability, busy signals, or unanswered outbound contact attempts.","Increase outreach frequency, confirm contact details, and assign a dedicated counselor for follow-up.",Fallback heuristic (API key missing)
C0049,Snehal,snehal@example.com,9892233445,LinkedIn,BCom2019,NonTech,Student,0,Studying,0,Training,DigitalMkt,Online,NotAttended,Negative,NotJoined,30000,0,Cash,2026-02-03,1,119.0,0.0,1,1,1,2,1,1.17,0.585,0.67,0.5,2,0.17910447761194032,0,1,0,0,5.0,Team A,Delhi,Intro left SMS No response left SMS,,"Communication gaps: Candidate has a high rate of unreachability, busy signals, or unanswered outbound contact attempts.","Increase outreach frequency, confirm contact details, and assign a dedicated counselor for follow-up.",Fallback heuristic (API key missing)
C0050,Rahul_B,rahulb@example.com,9120099887,Referral,MTech2014,Tech,Professional,9,Working,0,Project,DevOps,Hybrid,Attended,Positive,Joined,70000,35000,UPI,2026-10-03,0,-123.0,0.5,0,0,0,3,1,9.16,3.0533333333333332,4.33,1.0,3,0.26865671641791045,0,0,0,0,10.0,Operations,Mumbai,Intro documents required Confirmed next call for document upload Final check documents received,,Other: Candidate exhibits general warning indicators or ambiguous communication feedback requiring dedicated outreach.,Investigate the candidate details further and provide a customized recovery plan based on the latest call context.,Fallback heuristic (API key missing)
C0050,Rahul_B,rahulb@example.com,9120099887,Referral,MTech2014,Tech,Professional,9,Working,0,Project,DevOps,Hybrid,Attended,Positive,Joined,70000,35000,UPI,2026-10-03,0,-123.0,0.5,0,0,0,3,1,9.16,3.0533333333333332,4.33,1.0,3,0.26865671641791045,1,0,0,0,10.0,Operations,Mumbai,Intro documents required Confirmed next call for document upload Final check documents received,,Other: Candidate exhibits general warning indicators or ambiguous communication feedback requiring dedicated outreach.,Investigate the candidate details further and provide a customized recovery plan based on the latest call context.,Fallback heuristic (API key missing)
C0050,Rahul_B,rahulb@example.com,9120099887,Referral,MTech2014,Tech,Professional,9,Working,0,Project,DevOps,Hybrid,Attended,Positive,Joined,70000,35000,UPI,2026-10-03,0,-123.0,0.5,0,0,0,3,1,9.16,3.0533333333333332,4.33,1.0,3,0.26865671641791045,0,0,0,0,10.0,Operations,Mumbai,Intro documents required Confirmed next call for document upload Final check documents received,,Other: Candidate exhibits general warning indicators or ambiguous communication feedback requiring dedicated outreach.,Investigate the candidate details further and provide a customized recovery plan based on the latest call context.,Fallback heuristic (API key missing)
